{"cameraMode":{"drawMode":0,"name":"Shaded","section":"Shading Mode"},"sceneLighting":true,"audioPlay":false,"sceneViewState":{"showFog":true,"showMaterialUpdate":false,"showSkybox":true,"showFlares":true,"showImageEffects":true,"showParticleSystems":true},"in2DMode":false,"pivot":{"x":-27.4448299407959,"y":28.762269973754884,"z":-10.961894035339356},"rotation":{"x":-0.33530473709106448,"y":-0.5649493336677551,"z":0.26895567774772646,"w":-0.704319417476654},"size":4.062118053436279,"orthographic":false}