{"cameraMode":{"drawMode":0,"name":"Shaded","section":"Shading Mode"},"sceneLighting":true,"audioPlay":false,"sceneViewState":{"showFog":true,"showMaterialUpdate":false,"showSkybox":true,"showFlares":true,"showImageEffects":true,"showParticleSystems":true},"in2DMode":false,"pivot":{"x":41.50038146972656,"y":3.814650535583496,"z":8.361862182617188},"rotation":{"x":0.1450337916612625,"y":-0.7238190770149231,"z":0.16020409762859345,"w":0.6552754640579224},"size":4.062118053436279,"orthographic":false}