{"cameraMode":{"drawMode":0,"name":"Shaded","section":"Shading Mode"},"sceneLighting":true,"audioPlay":false,"sceneViewState":{"showFog":true,"showMaterialUpdate":false,"showSkybox":true,"showFlares":true,"showImageEffects":true,"showParticleSystems":true},"in2DMode":false,"pivot":{"x":-2.442516803741455,"y":5.103692531585693,"z":2.6029245853424074},"rotation":{"x":-0.17465756833553315,"y":-0.8249009847640991,"z":0.3947291076183319,"w":-0.36499616503715517},"size":2.9926047325134279,"orthographic":false}