{"cameraMode":{"drawMode":0,"name":"Shaded","section":"Shading Mode"},"sceneLighting":true,"audioPlay":false,"sceneViewState":{"showFog":true,"showMaterialUpdate":false,"showSkybox":true,"showFlares":true,"showImageEffects":true,"showParticleSystems":true},"in2DMode":false,"pivot":{"x":4.171555519104004,"y":3.2905261516571047,"z":-5.434423446655273},"rotation":{"x":-0.2929643392562866,"y":0.22580203413963319,"z":-0.07141261547803879,"w":-0.9263291358947754},"size":10.0,"orthographic":false}