{"cameraMode":{"drawMode":0,"name":"Shaded","section":"Shading Mode"},"sceneLighting":true,"audioPlay":false,"sceneViewState":{"showFog":true,"showMaterialUpdate":false,"showSkybox":true,"showFlares":true,"showImageEffects":true,"showParticleSystems":true},"in2DMode":false,"pivot":{"x":-1.7464399337768555,"y":15.776123046875,"z":12.780953407287598},"rotation":{"x":-0.07672744989395142,"y":-0.9068940877914429,"z":0.36888080835342409,"w":-0.18863444030284882},"size":2.9926047325134279,"orthographic":false}